"Sample","Group"
"LOT5","ColonT_NonMet"
"EOT9","ColonT_NonMet"
"EOT25","ColonT_NonMet"
"LOT29","ColonT_NonMet"
"EOT35","ColonT_NonMet"
"LOT39","ColonT_NonMet"
"EOT43","ColonT_NonMet"
"LOT51","ColonT_NonMet"
"EOT55","ColonT_NonMet"
"LOT63","ColonT_NonMet"
"LOT69","ColonT_NonMet"
"LOT73","ColonT_NonMet"
"LOT77","ColonT_NonMet"
"LOT89","ColonT_NonMet"
"LOT94","ColonT_NonMet"
"EOT98","ColonT_NonMet"
"EOT102","ColonT_NonMet"
"LOT106","ColonT_NonMet"
"LOT110","ColonT_NonMet"
"LOT114","ColonT_NonMet"
"LOT118","ColonT_NonMet"
"LOT122","ColonT_NonMet"
"EOT126","ColonT_Liver"
"EOT130","ColonT_NonMet"
"EOT134","ColonT_NonMet"
"EOT138","ColonT_NonMet"
"EOT142","ColonT_Liver"
"LOT154","ColonT_NonMet"
"EOT158","ColonT_NonMet"
"LOT166","ColonT_NonMet"
"LOT180","ColonT_NonMet"
"EOT188","ColonT_Other"
"EOT192","ColonT_NonMet"
"LOT197","ColonT_NonMet"
"LOT201","ColonT_NonMet"
"EOT209","ColonT_NonMet"
"EON1","ColonN_NonMet"
"EON6","ColonN_NonMet"
"EON14","ColonN_Other"
"LON18","ColonN_NonMet"
"LON30","ColonN_NonMet"
"EON36","ColonN_NonMet"
"LON44","ColonN_NonMet"
"LON48","ColonN_NonMet"
"EON70","ColonN_Lung"
"EON82","ColonN_NonMet"
"EON86","ColonN_NonMet"
"LON95","ColonN_NonMet"
"LON107","ColonN_NonMet"
"EON115","ColonN_NonMet"
"LON119","ColonN_NonMet"
"LON123","ColonN_NonMet"
"EON127","ColonN_NonMet"
"LON135","ColonN_NonMet"
"LON143","ColonN_NonMet"
"EON147","ColonN_NonMet"
"EON151","ColonN_NonMet"
"LON167","ColonN_NonMet"
"LON171","ColonN_Liver"
"LON175","ColonN_NonMet"
"LON193","ColonN_NonMet"
"LON202","ColonN_Liver"
"LON206","ColonN_NonMet"
"EON210","ColonN_NonMet"
"EON214","ColonN_Lung"
"EOT1","ColonT_NonMet"
"EOT6","ColonT_NonMet"
"EOT14","ColonT_Other"
"LOT18","ColonT_NonMet"
"LOT30","ColonT_NonMet"
"EOT36","ColonT_NonMet"
"LOT44","ColonT_NonMet"
"LOT48","ColonT_NonMet"
"EOT70","ColonT_Lung"
"EOT82","ColonT_NonMet"
"EOT86","ColonT_NonMet"
"LOT95","ColonT_NonMet"
"LOT107","ColonT_NonMet"
"EOT115","ColonT_NonMet"
"LOT119","ColonT_NonMet"
"LOT123","ColonT_NonMet"
"EOT127","ColonT_NonMet"
"LOT135","ColonT_NonMet"
"LOT143","ColonT_NonMet"
"EOT147","ColonT_NonMet"
"EOT151","ColonT_NonMet"
"LOT167","ColonT_NonMet"
"LOT171","ColonT_Liver"
"LOT175","ColonT_NonMet"
"LOT193","ColonT_NonMet"
"LOT202","ColonT_Liver"
"LOT206","ColonT_NonMet"
"EOT210","ColonT_NonMet"
"EOT214","ColonT_Lung"
"LON7","ColonN_NonMet"
"LON15","ColonN_NonMet"
"LON19","ColonN_NonMet"
"EON23","ColonN_NonMet"
"EON27","ColonN_NonMet"
"LON37","ColonN_NonMet"
"LON41","ColonN_NonMet"
"EON49","ColonN_NonMet"
"LON53","ColonN_NonMet"
"EON65","ColonN_NonMet"
"EON71","ColonN_NonMet"
"EON75","ColonN_Lung"
"EON79","ColonN_Liver"
"EON83","ColonN_NonMet"
"EON87","ColonN_Other"
"LON92","ColonN_NonMet"
"EON100","ColonN_NonMet"
"LON104","ColonN_NonMet"
"LON112","ColonN_NonMet"
"EON120","ColonN_Liver"
"EON128","ColonN_NonMet"
"LON132","ColonN_NonMet"
"EON140","ColonN_Lung"
"EON148","ColonN_NonMet"
"LON156","ColonN_NonMet"
"LON160","ColonN_NonMet"
"LON164","ColonN_NonMet"
"EON172","ColonN_NonMet"
"LON195","ColonN_NonMet"
"LON199","ColonN_NonMet"
"LON211","ColonN_NonMet"
"LOT7","ColonT_NonMet"
"LOT15","ColonT_NonMet"
"LOT19","ColonT_NonMet"
"EOT23","ColonT_NonMet"
"EOT27","ColonT_NonMet"
"LOT37","ColonT_NonMet"
"LOT41","ColonT_NonMet"
"EOT49","ColonT_NonMet"
"LOT53","ColonT_NonMet"
"EOT65","ColonT_NonMet"
"EOT71","ColonT_NonMet"
"EOT75","ColonT_Lung"
"EOT79","ColonT_Liver"
"EOT83","ColonT_NonMet"
"EOT87","ColonT_Other"
"LOT92","ColonT_NonMet"
"EOT100","ColonT_NonMet"
"LOT104","ColonT_NonMet"
"LOT112","ColonT_NonMet"
"EOT120","ColonT_Liver"
"EOT128","ColonT_NonMet"
"LOT132","ColonT_NonMet"
"EOT140","ColonT_Lung"
"EOT148","ColonT_NonMet"
"LOT156","ColonT_NonMet"
"LOT160","ColonT_NonMet"
"LOT164","ColonT_NonMet"
"EOT172","ColonT_NonMet"
"LOT195","ColonT_NonMet"
"LOT199","ColonT_NonMet"
"LOT211","ColonT_NonMet"
"LON3","ColonN_NonMet"
"EON16","ColonN_NonMet"
"EON24","ColonN_Lung"
"LON28","ColonN_NonMet"
"EON38","ColonN_NonMet"
"LON46","ColonN_Lung"
"LON50","ColonN_NonMet"
"EON54","ColonN_NonMet"
"EON58","ColonN_NonMet"
"LON68","ColonN_NonMet"
"LON72","ColonN_NonMet"
"LON76","ColonN_NonMet"
"LON80","ColonN_NonMet"
"LON88","ColonN_NonMet"
"LON93","ColonN_NonMet"
"LON101","ColonN_NonMet"
"LON105","ColonN_NonMet"
"LON109","ColonN_NonMet"
"EON113","ColonN_NonMet"
"EON117","ColonN_NonMet"
"EON129","ColonN_NonMet"
"EON133","ColonN_NonMet"
"LON137","ColonN_NonMet"
"EON141","ColonN_NonMet"
"LON145","ColonN_NonMet"
"LON149","ColonN_NonMet"
"LON157","ColonN_NonMet"
"EON161","ColonN_NonMet"
"EON169","ColonN_Liver"
"EON173","ColonN_NonMet"
"EON191","ColonN_NonMet"
"EON208","ColonN_NonMet"
"EON216","ColonN_NonMet"
"EON220","ColonN_Lung"
"LOT3","ColonT_NonMet"
"EOT16","ColonT_NonMet"
"EOT24","ColonT_Lung"
"LOT28","ColonT_NonMet"
"EOT38","ColonT_NonMet"
"LOT46","ColonT_Lung"
"LOT50","ColonT_NonMet"
"EOT54","ColonT_NonMet"
"EOT58","ColonT_NonMet"
"LOT68","ColonT_NonMet"
"LOT72","ColonT_NonMet"
"LOT76","ColonT_NonMet"
"LOT80","ColonT_NonMet"
"LOT88","ColonT_NonMet"
"LOT93","ColonT_NonMet"
"LOT101","ColonT_NonMet"
"LOT105","ColonT_NonMet"
"LOT109","ColonT_NonMet"
"EOT113","ColonT_NonMet"
"EOT117","ColonT_NonMet"
"EOT129","ColonT_NonMet"
"EOT133","ColonT_NonMet"
"LOT137","ColonT_NonMet"
"EOT141","ColonT_NonMet"
"LOT145","ColonT_NonMet"
"LOT149","ColonT_NonMet"
"LOT157","ColonT_NonMet"
"EOT161","ColonT_NonMet"
"EOT169","ColonT_Liver"
"EOT173","ColonT_NonMet"
"EOT191","ColonT_NonMet"
"EOT208","ColonT_NonMet"
"EOT216","ColonT_NonMet"
"EOT220","ColonT_Lung"
"LON5","ColonN_NonMet"
"EON9","ColonN_NonMet"
"EON25","ColonN_NonMet"
"LON29","ColonN_NonMet"
"EON35","ColonN_NonMet"
"LON39","ColonN_NonMet"
"EON43","ColonN_NonMet"
"LON51","ColonN_NonMet"
"EON55","ColonN_NonMet"
"LON63","ColonN_NonMet"
"LON69","ColonN_NonMet"
"LON73","ColonN_NonMet"
"LON77","ColonN_NonMet"
"LON89","ColonN_NonMet"
"LON94","ColonN_NonMet"
"EON98","ColonN_NonMet"
"EON102","ColonN_NonMet"
"LON106","ColonN_NonMet"
"LON110","ColonN_NonMet"
"LON114","ColonN_NonMet"
"LON118","ColonN_NonMet"
"LON122","ColonN_NonMet"
"EON126","ColonN_Liver"
"EON130","ColonN_NonMet"
"EON134","ColonN_NonMet"
"EON138","ColonN_NonMet"
"EON142","ColonN_Liver"
"LON154","ColonN_NonMet"
"EON158","ColonN_NonMet"
"LON166","ColonN_NonMet"
"LON180","ColonN_NonMet"
"EON188","ColonN_Other"
"EON192","ColonN_NonMet"
"LON197","ColonN_NonMet"
"LON201","ColonN_NonMet"
"EON209","ColonN_NonMet"
"TM42","ColonT_Lung"
"PM42","ColonN_Lung"
"TM41","ColonT_Other"
"PM41","ColonN_Other"
"NonTM23","ColonT_NonMet"
"NonPM23","ColonN_NonMet"
"NonTM22","ColonT_NonMet"
"NonPM22","ColonN_NonMet"
"NonTM18","ColonT_NonMet"
"NonPM18","ColonN_NonMet"
"NonTM16","ColonT_NonMet"
"NonPM16","ColonN_NonMet"
"NonTM15","ColonT_NonMet"
"NonPM15","ColonN_NonMet"
"TM38","ColonT_Other"
"PM38","ColonN_Other"
"TM35","ColonT_Other"
"PM35","ColonN_Other"
"NonTM10","ColonT_NonMet"
"NonPM10","ColonN_NonMet"
"NonTM9","ColonT_NonMet"
"NonPM9","ColonN_NonMet"
"NonTM8","ColonT_NonMet"
"NonPM8","ColonN_NonMet"
"NonTM7","ColonT_NonMet"
"NonPM7","ColonN_NonMet"
"NonTM6","ColonT_NonMet"
"NonPM6","ColonN_NonMet"
"NonTM2","ColonT_NonMet"
"NonPM2","ColonN_NonMet"
"TM32","ColonT_Liver"
"PM32","ColonN_Liver"
"TM31","ColonT_Lung"
"PM31","ColonN_Lung"
"TM30","ColonT_Liver"
"PM30","ColonN_Liver"
"TM29","ColonT_Liver"
"PM29","ColonN_Liver"
"TM28","ColonT_Liver"
"PM28","ColonN_Liver"
"TM27","ColonT_Liver"
"PM27","ColonN_Liver"
"TM26","ColonT_Liver"
"PM26","ColonN_Liver"
"TM25","ColonT_Liver"
"PM25","ColonN_Liver"
"TM24","ColonT_Liver"
"PM24","ColonN_Liver"
"TM23","ColonT_Lung"
"PM23","ColonN_Lung"
"TM22","ColonT_Liver"
"PM22","ColonN_Liver"
"TM21","ColonT_Liver"
"PM21","ColonN_Liver"
"TM20","ColonT_Liver"
"PM20","ColonN_Liver"
"TM19","ColonT_Liver"
"PM19","ColonN_Liver"
"TM18","ColonT_Liver"
"PM18","ColonN_Liver"
"TM16","ColonT_Liver"
"PM16","ColonN_Liver"
"TM15","ColonT_Liver"
"PM15","ColonN_Liver"
"TM14","ColonT_Liver"
"PM14","ColonN_Liver"
"PM9","ColonN_Lung"
"TM9","ColonT_Lung"
"PM8","ColonN_Other"
"TM8","ColonT_Other"
"PM7","ColonN_Other"
"TM7","ColonT_Other"
"PM4","ColonN_Lung"
"TM4","ColonT_Lung"
